{"accuracy": 3.5754189944134076, "precision": 0.03650085767730592, "recall": 0.035754189944134075, "f1": 0.0359770854372325}