{"accuracy": 0.035754189944134075, "precision": 0.03582009330678634, "recall": 0.035754189944134075, "f1": 0.03546618684529305}